0.0057942,0.0025277
-0.032564,-0.029994
0.030017,0.013012
0.0097102,0.021408
0.0042746,0.027124
0.016294,-0.021856
0.0082664,0.014211
-0.029772,0.0031823
-0.0051336,0.026123
-0.0046187,0.016955
-0.016824,0.028394
0.053193,-0.0041722
-0.027693,-0.0046549
-0.0153,0.031869
-0.022516,-0.067156
-0.037132,-0.015956
-0.0060791,-0.04018
-0.0086669,-0.012098
0.048385,0.020513
-0.0078749,0.026112
-0.033653,-0.032095
0.050706,-0.014897
0.039044,0.0043331
-0.0072614,-0.0092295
-0.047629,0.0095443
-0.01406,0.012647
-0.0049313,-0.029408
0.00873,-0.0055919
-0.0082587,-0.067423
0.014022,0.03622
0.012393,-0.019894
-0.03955,-0.038069
-0.029977,-0.0080304
-0.023436,-0.045178
-0.016059,-0.00065958
-0.010137,-0.01773
0.00039431,0.068867
-0.095791,0.036001
-0.014452,-0.078958
0.03929,0.013956
-0.033732,-0.044213
0.029527,-0.0080656
0.011078,0.0051989
-0.00091724,0.023645
0.0057696,-0.0086345
-0.049491,0.049847
-0.0026734,-0.015209
0.050721,0.010357
0.00311,0.021021
0.0013083,0.0026939
-0.023216,0.027858
-0.00097442,0.010221
0.0073475,-0.024797
0.013484,-0.057091
-0.011789,0.058774
-0.0074774,-0.019117
0.063995,0.0032685
-0.071415,0.017809
0.070501,0.0035923
0.010675,-0.02861
0.031625,-0.01479
-0.052626,-0.0039494
-0.018659,0.046769
-0.0087932,-0.027221
0.013367,0.024813
-0.052816,0.0097595
0.014914,-0.0073953
-0.038354,-0.033424
0.0020931,-0.0089853
0.020629,-0.0027414
0.010343,-0.046466
0.034236,0.0060773
0.031815,-0.026003
-0.020584,-0.0029801
0.0081288,0.010632
-0.029864,-0.028608
-0.041799,-0.0091155
0.029246,0.01107
1.5764e-06,-0.058055
-0.0017367,0.03276
0.028812,0.076668
0.018802,0.030339
0.011074,-0.0099856
0.039536,0.013554
0.029403,-0.032761
0.007582,0.059383
-0.021831,0.029748
-0.020604,0.024898
0.037698,-0.027698
-0.050971,0.010118
-0.00077355,-0.017655
-0.061628,-0.0098483
0.032271,-0.018025
0.02725,-0.032437
3.6748e-05,-0.028737
-0.0022401,-0.0066375
-0.078623,-0.053723
0.018378,0.019214
-0.069331,-0.0037251
-0.073342,0.022109
0.11964,0.33081
0.12674,0.36175
0.064211,0.33914
0.078848,0.34253
0.096976,0.3369
0.11458,0.34725
0.1468,0.33655
0.10194,0.42148
0.151,0.29644
0.12615,0.2747
0.14824,0.29726
0.11513,0.29876
0.090341,0.31962
0.064265,0.32801
0.11603,0.32642
0.137,0.35045
0.10186,0.34564
0.09401,0.35709
0.10135,0.38957
0.076434,0.37201
0.095521,0.29275
0.1054,0.25969
0.11256,0.36185
0.10909,0.27529
0.13044,0.33544
0.11457,0.33446
0.16848,0.40376
0.12098,0.33114
0.16817,0.31729
0.088244,0.34079
0.12776,0.34111
0.10288,0.33555
0.13009,0.31409
0.12989,0.29467
0.041983,0.34334
0.069146,0.29087
0.065542,0.30069
0.12382,0.37543
0.1576,0.32009
0.10078,0.3289
0.1368,0.36179
0.12836,0.32384
0.077856,0.36588
0.12368,0.32242
0.087334,0.36536
0.15906,0.35323
0.11008,0.3266
0.16285,0.30596
0.09767,0.30035
0.12975,0.32479
0.10913,0.31948
0.047171,0.32041
0.080053,0.36444
0.13048,0.32392
0.10938,0.3695
0.075734,0.31652
0.091303,0.36409
0.119,0.31682
0.079709,0.33892
0.14194,0.36403
0.09085,0.32024
0.16831,0.31947
0.076963,0.39669
0.11741,0.36341
0.063012,0.31967
0.088228,0.35385
0.092351,0.32195
0.1238,0.35566
0.1409,0.37811
0.12061,0.28259
0.099314,0.36587
0.1369,0.37944
0.13637,0.33483
0.11491,0.38855
0.12918,0.33825
0.12416,0.29421
0.079901,0.26397
0.13513,0.32279
0.090329,0.3559
0.092014,0.34337
0.11671,0.34641
0.10139,0.31508
0.10694,0.33789
0.12994,0.28151
0.14421,0.3093
0.10485,0.30744
0.12147,0.34977
0.10358,0.33289
0.11837,0.29679
0.12503,0.33303
0.091604,0.31152
0.1198,0.31225
0.13012,0.36066
0.11403,0.33692
0.16581,0.34593
0.091867,0.36129
0.087803,0.33903
0.055775,0.35075
0.1399,0.35493
0.13853,0.37035
0.23727,0.53176
0.26688,0.47527
0.22294,0.50451
0.22071,0.46423
0.27602,0.46627
0.2061,0.49323
0.22213,0.48898
0.25131,0.43598
0.22696,0.42294
0.26665,0.43669
0.25492,0.42663
0.23144,0.47329
0.19763,0.4584
0.24014,0.45977
0.1785,0.42837
0.22995,0.49606
0.24779,0.4853
0.22896,0.46857
0.25004,0.5037
0.2867,0.44377
0.25144,0.48452
0.23066,0.48242
0.24251,0.48245
0.23568,0.44834
0.18065,0.48174
0.20905,0.45512
0.26095,0.44306
0.22084,0.43335
0.24064,0.50422
0.19039,0.44465
0.22426,0.46594
0.24121,0.43318
0.17917,0.46201
0.23321,0.3692
0.21647,0.43703
0.19251,0.4263
0.22104,0.43932
0.16226,0.46466
0.15493,0.46112
0.185,0.53289
0.1909,0.45332
0.18513,0.4635
0.16766,0.42178
0.23134,0.45631
0.17181,0.42909
0.22571,0.47236
0.24711,0.49838
0.22215,0.48419
0.22517,0.44925
0.21026,0.41984
0.17534,0.51757
0.22084,0.53623
0.25261,0.47522
0.27719,0.4401
0.20862,0.50928
0.17076,0.45266
0.22748,0.45655
0.23412,0.49943
0.21505,0.4276
0.18589,0.40953
0.28624,0.48471
0.14761,0.48408
0.2061,0.47441
0.18043,0.48711
0.20211,0.50563
0.23227,0.50209
0.22659,0.45342
0.19975,0.49702
0.24679,0.47688
0.2419,0.45542
0.24269,0.43367
0.20876,0.49186
0.25538,0.46022
0.24312,0.47287
0.30156,0.44633
0.25585,0.42237
0.25881,0.47683
0.2239,0.46944
0.18148,0.50932
0.21048,0.49676
0.19826,0.50471
0.20439,0.44772
0.23978,0.4418
0.20462,0.43127
0.19392,0.48715
0.20928,0.5596
0.21713,0.49441
0.23517,0.44696
0.1921,0.49786
0.23226,0.43572
0.22469,0.42636
0.2641,0.49409
0.21548,0.4468
0.21797,0.4814
0.18518,0.51588
0.17842,0.48409
0.23204,0.5008
0.21433,0.42062
0.23815,0.49232
0.19399,0.53903
0.35045,0.59115
0.28461,0.5614
0.32691,0.58058
0.31752,0.61518
0.34545,0.58115
0.34636,0.54456
0.34616,0.55025
0.32183,0.57198
0.31438,0.57129
0.31469,0.54997
0.36032,0.58306
0.27474,0.6174
0.32678,0.56941
0.34188,0.57088
0.31269,0.50773
0.34842,0.55286
0.33108,0.53329
0.30366,0.56514
0.33844,0.59397
0.32485,0.62552
0.32037,0.63422
0.31084,0.57365
0.33528,0.56722
0.27495,0.6032
0.32074,0.59285
0.31614,0.60155
0.3045,0.60196
0.35397,0.53054
0.31011,0.59444
0.35043,0.57446
0.36419,0.55331
0.32837,0.55542
0.34212,0.61787
0.35356,0.55174
0.33077,0.53824
0.35044,0.58414
0.29341,0.64094
0.36845,0.57816
0.30204,0.5871
0.2755,0.54768
0.37712,0.63029
0.33135,0.5813
0.34753,0.59411
0.32185,0.54724
0.30106,0.60436
0.23616,0.58966
0.35314,0.54079
0.32427,0.57861
0.32709,0.5631
0.34616,0.5808
0.28845,0.56943
0.31027,0.57135
0.36962,0.54469
0.35224,0.56713
0.29282,0.60159
0.26366,0.63252
0.31527,0.54065
0.3401,0.65253
0.36313,0.62561
0.3363,0.58268
0.29784,0.56783
0.34301,0.55526
0.29626,0.60368
0.30294,0.55538
0.31266,0.56274
0.29446,0.60529
0.32476,0.59114
0.30487,0.60571
0.3243,0.59331
0.31871,0.56467
0.32037,0.5611
0.31741,0.60253
0.37233,0.55613
0.35263,0.61488
0.3352,0.60235
0.28694,0.58645
0.28192,0.57745
0.2712,0.58891
0.41572,0.68887
0.36408,0.57379
0.34146,0.52813
0.30253,0.63791
0.29708,0.59664
0.35065,0.55686
0.38283,0.66012
0.27979,0.59477
0.31912,0.58665
0.33067,0.55275
0.27034,0.54367
0.35994,0.52143
0.32022,0.56398
0.3938,0.54405
0.32097,0.59783
0.34627,0.56731
0.29721,0.63329
0.31357,0.62512
0.29638,0.58254
0.34575,0.56841
0.3745,0.61378
0.31456,0.54109
0.46575,0.66535
0.42329,0.6472
0.43179,0.70822
0.4232,0.62065
0.46265,0.61157
0.41984,0.67316
0.41081,0.70439
0.46193,0.64128
0.43105,0.62664
0.45588,0.66194
0.43332,0.61492
0.45297,0.66722
0.36335,0.69286
0.45918,0.67355
0.50306,0.60629
0.47731,0.64969
0.47325,0.65712
0.43686,0.72402
0.45017,0.6956
0.45217,0.66486
0.44749,0.70807
0.41818,0.63363
0.43331,0.65565
0.43892,0.71134
0.42924,0.71418
0.47091,0.68976
0.52471,0.68219
0.4026,0.64813
0.4485,0.69022
0.39883,0.64048
0.48563,0.68483
0.48903,0.67558
0.39187,0.70269
0.50591,0.6532
0.41014,0.68678
0.45162,0.69175
0.4792,0.63826
0.4491,0.67161
0.51704,0.71718
0.53149,0.67022
0.44882,0.65691
0.38414,0.68111
0.4329,0.65797
0.41762,0.68068
0.42026,0.66241
0.40878,0.66609
0.44692,0.68124
0.51106,0.70975
0.42181,0.68096
0.43557,0.71879
0.48133,0.60252
0.4828,0.65246
0.4598,0.67413
0.47689,0.64026
0.47198,0.62632
0.43237,0.68618
0.45801,0.68604
0.43499,0.67582
0.41599,0.67917
0.46452,0.63914
0.44658,0.65093
0.43853,0.66329
0.45367,0.64492
0.47568,0.67716
0.45687,0.74146
0.4506,0.65142
0.45329,0.68714
0.44606,0.63396
0.41995,0.70903
0.46932,0.63602
0.489,0.67327
0.42755,0.64711
0.50541,0.68286
0.43887,0.66703
0.43674,0.66528
0.41606,0.75993
0.41939,0.64674
0.41431,0.66518
0.45564,0.75151
0.49495,0.63041
0.46112,0.68415
0.47146,0.63263
0.48688,0.69926
0.3654,0.67702
0.43915,0.68729
0.45561,0.65785
0.46713,0.67442
0.40318,0.71323
0.41264,0.59472
0.46945,0.61502
0.44076,0.6798
0.46193,0.64596
0.41407,0.6573
0.39278,0.61933
0.46852,0.63805
0.48218,0.65389
0.49605,0.64371
0.39599,0.63927
0.40217,0.65333
0.39784,0.63686
0.59799,0.73255
0.5243,0.76205
0.61304,0.71351
0.54371,0.77979
0.50965,0.8018
0.53599,0.73575
0.58511,0.74508
0.58895,0.76138
0.56062,0.78341
0.56464,0.76186
0.57557,0.75791
0.50942,0.73009
0.53716,0.73804
0.49768,0.76475
0.54135,0.79857
0.58557,0.76333
0.57824,0.70722
0.6279,0.75905
0.56083,0.74244
0.48736,0.73764
0.60898,0.73842
0.5961,0.71754
0.53713,0.73521
0.5626,0.72055
0.5802,0.73381
0.56772,0.74906
0.57758,0.75087
0.55199,0.73854
0.55433,0.74053
0.55834,0.74642
0.53058,0.75985
0.60055,0.78588
0.55576,0.76496
0.57726,0.73629
0.52852,0.76427
0.52155,0.73759
0.55268,0.68904
0.54756,0.67113
0.59334,0.69117
0.57472,0.73786
0.57265,0.72576
0.50986,0.72258
0.52495,0.74664
0.56194,0.72452
0.54455,0.72542
0.59635,0.76463
0.59797,0.7701
0.53719,0.82241
0.58323,0.75492
0.59968,0.7472
0.56571,0.7272
0.60689,0.73918
0.58915,0.74376
0.56233,0.68983
0.58328,0.73722
0.5617,0.76906
0.54244,0.72731
0.56689,0.76099
0.5567,0.77671
0.54402,0.77942
0.61156,0.76992
0.56255,0.67389
0.6419,0.72751
0.54619,0.77386
0.5734,0.75784
0.6056,0.74551
0.64186,0.75917
0.56516,0.78109
0.53057,0.75022
0.58096,0.72137
0.51382,0.73966
0.5469,0.73879
0.56415,0.77371
0.60266,0.75839
0.601,0.76267
0.55468,0.75003
0.58477,0.7339
0.5454,0.74729
0.57646,0.75221
0.61612,0.70114
0.56051,0.75101
0.54605,0.77469
0.53974,0.74187
0.57821,0.79508
0.59784,0.76308
0.62278,0.73206
0.55726,0.74049
0.56071,0.73665
0.53555,0.75298
0.60653,0.76922
0.55317,0.73612
0.54059,0.75985
0.62463,0.80086
0.58117,0.77481
0.57821,0.77145
0.52376,0.71959
0.56928,0.72846
0.572,0.75303
0.52102,0.74217
0.54842,0.69397
0.61878,0.76322
0.69912,0.82956
0.64269,0.83236
0.73239,0.81912
0.5964,0.82149
0.68086,0.7998
0.66669,0.83936
0.64275,0.78962
0.67945,0.79131
0.64156,0.83943
0.69386,0.86983
0.66878,0.80428
0.61482,0.80052
0.58999,0.8294
0.65769,0.85041
0.7029,0.84711
0.6724,0.82504
0.66838,0.79643
0.68842,0.83641
0.6226,0.81399
0.71174,0.86004
0.6384,0.77196
0.66786,0.82096
0.65517,0.85728
0.6714,0.80085
0.60518,0.79674
0.71486,0.78697
0.68393,0.80768
0.73023,0.81016
0.71147,0.82082
0.66703,0.78856
0.63697,0.81911
0.61168,0.7974
0.6672,0.80484
0.6736,0.78999
0.69974,0.80756
0.63659,0.92939
0.6918,0.92425
0.66893,0.85277
0.6422,0.84139
0.69115,0.77608
0.67507,0.79801
0.65923,0.79691
0.72603,0.83342
0.68593,0.83177
0.66318,0.81993
0.67544,0.80574
0.66942,0.78722
0.67216,0.81666
0.68101,0.85252
0.64758,0.83001
0.64146,0.82222
0.67807,0.83729
0.72628,0.83497
0.65696,0.76538
0.63464,0.81709
0.65912,0.80303
0.65136,0.75217
0.65632,0.77448
0.6817,0.80638
0.66256,0.8426
0.64787,0.80925
0.65263,0.82479
0.62484,0.7881
0.63949,0.74828
0.62198,0.81947
0.65035,0.78642
0.63235,0.85358
0.6443,0.87137
0.65713,0.80474
0.62871,0.85422
0.66605,0.84665
0.67743,0.77175
0.63621,0.81544
0.70189,0.82475
0.61651,0.83304
0.65428,0.8379
0.61972,0.83782
0.65577,0.83795
0.6248,0.80661
0.64849,0.82849
0.64324,0.74525
0.62919,0.77955
0.60137,0.85451
0.68454,0.7956
0.72992,0.82685
0.73697,0.86419
0.6511,0.78839
0.66521,0.78616
0.65194,0.80092
0.66907,0.83044
0.63761,0.81002
0.60597,0.78558
0.66551,0.76676
0.62792,0.80479
0.60651,0.8095
0.74175,0.79957
0.65929,0.80821
0.67944,0.78186
0.70438,0.83386
0.70901,0.85681
0.78235,0.89902
0.79893,0.86424
0.75094,0.94442
0.77597,0.89914
0.787,0.87756
0.75834,0.90152
0.77735,0.88174
0.79081,0.91693
0.74814,0.87605
0.80419,0.84645
0.81239,0.88971
0.78793,0.93128
0.77826,0.84408
0.74095,0.87425
0.79343,0.91369
0.73933,0.8212
0.82808,0.9017
0.79443,0.90573
0.78615,0.88867
0.76533,0.85756
0.70896,0.88169
0.73997,0.88486
0.78933,0.91149
0.85407,0.9029
0.80119,0.87084
0.78757,0.93314
0.76064,0.88031
0.78164,0.85622
0.80821,0.86805
0.76975,0.90907
0.8376,0.88809
0.73919,0.91003
0.76588,0.88411
0.77944,0.96056
0.71599,0.82924
0.79566,0.86876
0.78024,0.87925
0.78033,0.88474
0.80291,0.92796
0.81078,0.88886
0.80315,0.87828
0.76295,0.88409
0.7763,0.90568
0.78895,0.86012
0.73803,0.89617
0.74502,0.83243
0.76428,0.87943
0.78023,0.85214
0.83441,0.86127
0.80299,0.89085
0.76378,0.84634
0.75788,0.85064
0.82628,0.83398
0.86422,0.81145
0.78307,0.87713
0.76263,0.91869
0.73311,0.87616
0.80861,0.87452
0.78694,0.84882
0.81463,0.93199
0.74904,0.87403
0.78539,0.92284
0.7571,0.89336
0.8181,0.8736
0.76035,0.91614
0.77501,0.91298
0.76678,0.87839
0.80921,0.9229
0.79133,0.93825
0.74602,0.87984
0.75777,0.87383
0.74471,0.89471
0.79377,0.89304
0.78828,0.90745
0.72606,0.87383
0.71748,0.90453
0.7765,0.91508
0.79982,0.88753
0.78312,0.88676
0.72896,0.84225
0.72871,0.84483
0.8052,0.8357
0.77318,0.84257
0.76556,0.87701
0.8194,0.83085
0.75259,0.95294
0.78206,0.9053
0.79099,0.81653
0.8037,0.84541
0.75076,0.87853
0.78908,0.82775
0.86469,0.86737
0.72993,0.91642
0.7915,0.87673
0.77051,0.87979
0.75162,0.85024
0.75147,0.86435
0.79352,0.83918
0.851,0.89343
0.87459,0.98875
0.91366,0.98644
0.92801,0.94582
0.92295,0.9293
0.88779,0.95896
0.87295,0.92206
0.85018,0.93886
0.89264,0.92603
0.91923,0.94615
0.87811,0.97849
0.88341,0.96629
0.90838,0.97897
0.91621,0.91388
0.84408,0.94849
0.89521,0.91171
0.89508,0.95498
0.88411,0.95311
0.91712,0.9838
0.87737,0.97757
0.86276,0.96347
0.89762,0.92684
0.90343,0.92776
0.88201,0.87793
0.91406,0.92863
0.84088,0.89376
0.8549,0.97221
0.79174,0.97133
0.90538,0.94718
0.85755,0.93084
0.88088,0.94733
0.9208,0.99356
0.8905,0.98547
0.87496,0.92863
0.86206,0.94813
0.88129,0.90738
0.90796,0.95548
0.84094,0.96618
0.88673,0.97127
0.91363,0.89439
0.84396,0.95877
0.91006,0.91548
0.91049,0.9309
0.86099,0.96773
0.84131,0.95224
0.90259,0.93763
0.91445,0.962
0.9072,0.9945
0.91301,0.92309
0.85151,0.90012
0.90735,0.90606
0.87055,0.91295
0.87114,0.92158
0.83969,0.96105
0.92368,0.87685
0.89442,0.95027
0.92063,0.91819
0.93667,0.97758
0.85293,0.91575
0.90922,0.94305
0.88849,0.91316
0.9178,0.92126
0.92392,0.93458
0.91483,0.93557
0.86303,0.92621
0.88489,0.97849
0.89724,0.96021
0.98877,1.0015
0.92768,0.93404
0.96227,0.97654
0.902,0.87643
0.89559,0.963
0.90828,0.95456
0.8722,0.93098
0.92815,0.9648
0.8839,0.97056
0.84545,0.97549
0.91643,0.95608
0.83929,0.96182
0.83057,0.92149
0.89801,0.90818
0.85882,0.93435
0.86009,0.94871
0.88377,0.97288
0.87343,0.91781
0.88184,0.92733
0.89749,1.0369
0.85194,0.92312
0.85018,1.0035
0.8225,0.9732
0.87655,0.92517
0.9099,0.93944
0.86668,0.93601
0.90474,0.95778
0.90598,0.98599
0.92022,0.89102
0.92018,1.0068
0.86711,0.9674
0.86179,0.92545
0.89042,0.93882
0.86786,0.95228
1.0094,0.98353
1.038,0.95955
1.0345,0.99822
0.98866,0.99337
0.99589,1.0061
1.0232,1.0314
1.0038,1.0182
1.0359,1.0413
0.97828,0.97694
1.0149,0.97266
1.0091,0.997
1.044,1.0437
0.95745,1.0412
1,0.99602
1.0017,0.98113
0.92594,0.95191
1.0395,1.0212
1.0888,1.0007
0.99266,0.96276
1.0091,0.98942
0.98531,0.94215
1.0122,1.0136
0.98799,0.9945
0.99678,1.0516
1.0512,0.95701
0.97321,1.0307
0.98179,1.0045
0.9976,1.0026
0.99581,1.0227
1.0455,1.0377
1.0642,0.96613
0.96907,1.0417
0.97973,0.96174
1.0165,0.96603
0.98796,0.97873
1.063,1.0233
1.0517,0.96616
1.0177,1.0106
1.0178,1.013
0.9893,1.0049
1.0241,1.0175
1.0357,0.96291
1.0045,1.0319
1.061,1.0036
1.0212,1.0231
0.99652,0.9689
1.0117,1.0016
1.0347,1.0278
0.98741,1.0321
0.9973,0.99733
1.075,0.94139
0.98501,0.96532
1.0299,1.0069
1.0259,1.0251
1.0502,1.0146
1.0166,0.98063
0.92204,1.071
0.97304,1.0023
1.0162,1.0274
1.0082,0.98685
1.0621,0.96474
1.0445,1.0217
1.0157,1.0328
1.0026,1.0576
0.95103,0.98327
1.0589,0.94852
1.0042,1.0511
0.95111,1.0084
1.0137,0.96436
1.0033,0.98232
0.98196,0.97442
1.0156,1.0367
0.97763,1.0187
0.95737,1.0077
0.94452,1.0076
0.9885,0.97402
0.98017,1.0314
1.0139,1.011
0.95248,0.99174
0.99342,0.99416
0.9524,0.99678
1.0572,0.97195
0.9963,1.0234
1.0388,1.044
1.0157,1.0782
1.0287,1.0159
0.9635,0.97399
1.0398,1.0064
1.0459,0.96815
0.93433,0.98061
0.99442,0.97916
0.97938,0.97365
1.005,1.012
0.97311,0.96473
1.0088,1.0211
1.0189,1.0252
1.0077,1.0328
0.99626,0.99935
0.95923,1.0196
1.0018,1.057
0.0016758,-0.051112
-0.0056254,-0.015553
0.056051,-0.030652
-0.079335,-0.014993
-0.014439,-0.021066
0.076855,0.015128
-0.014909,-0.032921
-0.017719,-0.025952
-0.038784,0.003198
0.025075,0.034279
-0.066722,-0.058645
-0.025279,0.056913
0.017929,-0.027777
-4.5628e-05,0.020483
0.01973,0.03319
0.0039984,0.04184
0.021531,-0.01636
-0.040712,0.00076891
0.0068964,-0.0051345
-0.049539,-0.019153
0.02477,0.0085922
-0.0098211,0.011341
0.020723,-0.011141
-0.016996,0.0041856
0.010393,0.084546
0.033333,-0.00023926
-0.062604,0.022462
-0.059052,-0.014627
-0.057944,-0.016693
0.026835,-0.010935
0.012813,0.017853
-0.022214,-0.025347
0.047404,-0.058595
0.0043575,0.0016828
-0.05018,-0.013801
-0.032228,0.0088546
-0.043805,0.0026755
0.030196,0.023057
-0.019009,0.028484
-0.037058,-0.04192
-0.01825,-0.048211
-0.02645,0.015888
0.026973,0.0096889
0.015095,-0.029699
0.0095602,0.03913
0.013148,0.0010439
0.001359,0.0039076
-0.030005,0.0086627
0.017127,0.023849
-0.025966,0.048209
-0.033897,-0.0082844
-0.033966,-0.054729
0.027498,0.032049
0.031024,-0.029338
-0.055619,0.039329
-0.0046832,-0.018641
0.0079671,0.047165
-0.019302,-0.025487
0.024064,-0.035183
0.0080458,0.030261
-0.004833,-0.043103
-0.017627,0.021522
0.021409,0.013845
0.026857,-0.0045305
0.014841,-0.0108
-0.0075826,0.065074
0.029124,-0.011844
-0.028678,-0.0060148
0.0045676,-0.029685
0.044158,-0.025724
-0.0059988,-0.018456
-0.026684,0.05406
0.061457,-0.012346
-0.0078083,-0.021822
0.013965,-0.014174
-0.025412,0.022591
0.009095,-0.041607
0.014768,0.019831
0.00014425,-0.042099
0.010312,-0.0041378
0.038092,-0.057772
-0.044402,0.016947
0.0065005,0.02191
-0.062967,-0.021742
0.00089837,0.010043
0.061048,0.0051495
0.029761,0.036654
-0.00021897,0.00406
-0.010696,0.032871
0.016705,-0.0036926
0.033422,-0.020501
0.00046614,-0.0012011
0.051063,-0.0063032
-0.0258,0.027881
-0.063175,-0.0017754
-0.02366,-0.026602
-0.0063025,-0.0048966
-0.011788,0.037587
-0.026796,-0.013121
0.042287,-0.020827
0.083748,-0.028688
0.055833,0.0017091
0.041162,0.034237
0.029268,0.0098913
0.0058349,0.0096212
0.057482,-0.0060908
0.042607,-0.0044845
0.062717,-0.0031136
0.0065715,-0.088366
0.094432,0.012582
0.068038,0.03146
0.0030905,-0.040889
0.086059,-0.047983
0.034051,0.019784
0.062189,-0.047526
0.059572,-0.052962
0.02486,0.025095
-0.037854,-0.020544
0.069567,0.039513
0.041815,-0.040719
0.033726,-0.019282
0.065879,0.0077889
0.030822,0.017518
0.073857,0.014934
0.057403,0.0062002
0.021283,-0.0071213
0.079094,-0.018171
0.067637,0.01534
0.092229,-0.012087
0.024404,0.013478
0.024321,0.034542
0.06254,-0.070984
0.073725,0.057208
0.078819,-0.019842
0.052837,0.041776
0.045172,0.049211
0.073276,-0.046305
0.11476,0.0057411
0.080605,0.10976
0.055305,-0.0066413
0.034464,0.015523
0.068435,0.010609
0.037323,0.04024
0.060172,0.034631
0.077242,-0.029784
0.08186,-0.013721
0.07123,0.010999
0.096206,-0.0017011
0.11117,0.080309
-0.0073779,0.014017
-0.0036154,0.013981
0.023455,-0.026344
-0.010548,-0.041201
0.041339,0.025259
0.041994,-0.0060922
0.060551,0.020674
0.061681,-0.026148
0.030933,0.028478
0.026912,-0.057202
0.077721,0.049689
0.040553,0.026914
0.0092703,0.0036292
0.052958,-0.036571
0.059087,-0.012425
0.039634,0.0081873
0.073615,0.038339
0.059771,-0.032538
0.045901,0.041102
0.051239,0.087682
0.067121,-0.015518
0.038673,0.014969
0.019271,-0.02064
0.047712,-0.054149
0.056716,0.046648
0.068741,0.022096
0.051679,-0.016004
0.038168,0.0037314
0.071489,-0.0071213
0.049041,-0.046078
0.078152,-0.091002
0.049792,-0.0013553
0.052433,-0.014479
0.049727,-0.018089
0.023499,-0.026606
0.023319,-0.05732
0.022235,-0.016353
0.10907,0.0052508
0.046301,-0.033432
0.08237,0.014392
0.063673,-0.0084808
0.11143,-0.0030625
0.081948,-0.045047
0.013832,-0.024027
0.042283,0.013115
0.080828,-0.024834
0.061745,0.0052572
0.12426,0.062693
0.051117,0.025294
0.0035573,0.03295
0.066675,0.074786
0.14243,0.006967
0.11784,-0.0070471
0.16697,-0.041676
0.076655,-0.035435
0.083692,-0.02293
0.16909,-0.0067488
0.11963,-0.050972
0.10393,-0.0045887
0.11975,0.020636
0.09691,-0.010745
0.09603,-0.020907
0.093032,0.010784
0.087744,0.035986
0.07542,-0.012957
0.10337,-0.013592
0.08709,-0.044238
0.15086,-0.029752
0.11271,0.020326
0.13756,-0.0024277
0.10084,0.025344
0.10268,0.02235
0.14505,0.01305
0.1517,0.02541
0.1063,0.049343
0.15878,0.019407
0.12031,0.014637
0.11692,-0.00019125
0.17458,-0.038117
0.15383,-0.014802
0.13395,0.011471
0.11798,-0.03398
0.088238,0.015972
0.10162,0.011368
0.16288,0.0043293
0.041338,0.010699
0.08512,0.0019197
0.099293,0.00046892
0.10995,0.0008894
0.048852,0.030558
0.12199,-0.0016934
0.12834,-0.082354
0.075533,-0.014207
0.097064,0.0073635
0.066888,0.031515
0.15664,0.044816
0.11707,-0.028605
0.097329,0.025227
0.075998,0.0086901
0.10838,-0.005423
0.15852,0.0019487
0.11397,0.00027803
0.11644,0.0056049
0.067304,0.0086795
0.11052,-0.02007
0.12981,-0.031879
0.061578,0.031707
0.14094,-0.005783
0.18323,0.045898
0.055997,-0.028059
0.03991,-0.017622
0.10297,0.046111
0.12927,0.045679
0.10268,-0.031374
0.10025,0.0076968
0.10547,0.043576
0.071597,0.043311
0.053278,-0.039466
0.15528,0.052344
0.11452,0.022089
0.067708,0.0083557
0.13929,-0.005967
0.064237,-0.029381
0.10141,0.0041711
0.12869,-0.0069522
0.078677,0.074219
0.094212,0.0071766
0.1062,-0.0043172
0.167,0.00072272
0.11978,-0.01821
0.092636,0.066682
0.098136,0.021311
0.0964,0.0035347
0.14659,0.036687
0.09627,0.00011875
0.080227,-0.0019247
0.11287,-0.016436
0.10227,-0.018297
0.13035,0.051907
0.1356,0.025468
0.13964,0.0039154
0.12573,0.055063
0.12527,0.0019137
0.16545,0.010338
0.06858,-0.043735
0.09428,0.016196
0.051661,-0.044602
0.13434,-0.030086
0.10594,0.031188
0.095797,0.012273
0.05084,-0.026418
0.1453,-0.021972
0.166,0.034546
0.16485,0.0048962
0.10377,0.046662
0.11977,-0.030418
0.10183,0.011534
0.1556,-0.029147
0.10347,0.023502
0.18009,0.045205
0.1261,0.036302
0.12291,-0.062958
0.21452,0.025495
0.22628,0.0042118
0.13199,0.014507
0.15672,-0.013374
0.21997,-0.048272
0.14081,0.032169
0.21221,-0.012098
0.18382,-0.0064925
0.15965,0.0092602
0.14673,0.084155
0.21144,0.076467
0.18038,-0.037763
0.13788,-0.011057
0.17031,0.03516
0.13013,-0.061618
0.1626,0.043276
0.20634,-0.0060323
0.17471,0.048186
0.13387,-0.023888
0.1689,-0.025235
0.13583,0.077124
0.22175,0.022531
0.10117,-0.0058593
0.13704,-0.028729
0.18229,0.038827
0.13195,0.014755
0.15846,-0.067657
0.17859,-0.024628
0.19767,0.097857
0.12858,0.0035644
0.15252,-0.059295
0.14298,-0.024145
0.15428,-0.009342
0.16958,0.025901
0.13833,-0.0012103
0.1832,0.0071486
0.17139,0.0033717
0.14296,-0.026432
0.16662,0.041024
0.18902,-0.0076145
0.1893,-0.010718
0.17903,0.010103
0.15584,0.0018194
0.13829,-0.012556
0.16498,0.0079557
0.14315,0.070756
0.14739,0.021053
0.18714,-0.016779
0.20365,-0.02356
0.17674,-0.0036182
0.22282,-0.045901
0.10954,0.061672
0.15861,0.010396
0.16091,-0.032853
0.20895,0.0077505
0.17375,-0.041712
0.14765,0.022352
0.17542,-0.001802
0.17821,0.0052649
0.16367,0.015379
0.09378,0.030933
0.19025,-0.021671
0.047482,-0.042456
0.16136,0.00065095
0.10884,-0.022086
0.14667,0.017376
0.20212,-0.054714
0.14166,0.031087
0.21852,0.013625
0.18251,-0.031214
0.1501,-0.0060956
0.12932,0.030432
0.14221,0.080668
0.16974,-0.007166
0.082932,0.047638
0.17734,-0.02328
0.16673,0.010479
0.18379,-0.0026252
0.22264,0.014696
0.14766,-0.011815
0.12689,-0.041012
0.1952,-0.0046262
0.18618,0.01784
0.15337,-0.012069
0.13913,-0.0018932
0.16577,0.016649
0.12217,0.020988
0.15998,-0.019262
0.13772,-0.0045502
0.23806,-0.013759
0.22099,-0.019646
0.1679,0.065858
0.25947,-0.016613
0.19103,0.0031102
0.18844,-0.018818
0.16551,0.038131
0.20706,0.0089429
0.20728,0.011633
0.20032,0.039038
0.18398,0.030684
0.15802,0.034185
0.30579,-0.058112
0.25799,0.016286
0.19917,0.039887
0.20689,0.020399
0.22188,0.037849
0.21014,0.076409
0.19249,0.048815
0.24006,-0.026187
0.17453,-0.016919
0.27242,0.0054798
0.15477,-0.01099
0.2003,0.0068342
0.23812,0.048167
0.21426,-0.0074725
0.163,0.00028338
0.23968,0.0021333
0.21569,0.030661
0.18476,0.042119
0.22329,0.0046044
0.23444,-0.00069619
0.2796,0.038854
0.20756,0.032203
0.20122,0.024769
0.19456,0.11262
0.14959,0.010333
0.22701,0.020123
0.14556,0.0066893
0.20199,0.028824
0.20183,-0.0072711
0.23725,0.041197
0.12289,0.067172
0.23956,0.012028
0.19411,0.0071702
0.16964,-0.0084875
0.21025,-0.0056449
0.21791,-0.04454
0.19711,0.007632
0.16406,-0.01854
0.24868,0.049046
0.21677,0.014259
0.18817,0.011068
0.24899,0.053557
0.22214,-0.04682
0.17044,0.019755
0.23017,-0.024123
0.15375,-0.011014
0.17707,0.017503
0.21532,0.037529
0.22353,-0.017126
0.21276,0.026823
0.1494,0.05545
0.23642,-0.017709
0.25043,-0.022043
0.24744,0.0089608
0.19249,0.029155
0.19807,0.0093782
0.17835,-0.016484
0.21844,0.012972
0.2185,0.015879
0.18613,-0.0047275
0.2396,-0.026102
0.23747,0.023098
0.23131,0.0098712
0.1867,-0.0021478
0.1682,-0.010631
0.23115,-0.0064909
0.25629,-0.018092
0.16973,-0.02356
0.1407,0.049347
0.25594,0.0016952
0.20858,-0.045346
0.24777,-0.0061087
0.24169,0.042863
0.17199,-0.0076871
0.19687,0.065535
0.18412,-0.01532
0.21621,-0.01448
0.24741,-0.02334
0.2123,0.046135
0.14412,-0.0090138
0.24959,0.022527
0.21061,-0.042787
0.19599,-0.0087788
0.14402,0.030178
0.22235,-0.031159
0.21828,0.010916
0.22123,0.026673
0.17643,0.06557
0.28343,-0.00036084
0.2931,0.026416
0.25196,-0.0093456
0.24485,-0.0066919
0.26494,0.0073353
0.23491,0.038704
0.29864,0.083181
0.28769,0.043489
0.29359,-0.015646
0.30303,0.011737
0.25975,0.0006912
0.24491,0.0089606
0.27978,0.055546
0.29959,0.030159
0.2903,0.049581
0.29306,0.037307
0.31079,-0.006849
0.2725,0.047659
0.30123,-0.024479
0.26278,0.043516
0.28812,0.037186
0.21877,0.053023
0.31192,-0.026672
0.20703,0.011785
0.26966,0.018791
0.25221,0.021398
0.22651,0.045937
0.27378,0.040382
0.27366,0.038843
0.30778,0.02387
0.26749,0.071224
0.28142,0.0079437
0.27085,0.021423
0.30957,-1.2379e-05
0.29891,0.016279
0.26349,0.041169
0.26709,-0.020588
0.31943,0.024262
0.25559,-0.0050128
0.29029,0.043155
0.23538,-0.043927
0.23906,-0.043615
0.29044,0.069589
0.28366,0.013499
0.29662,-0.044018
0.24313,-0.035096
0.29535,0.015476
0.26859,0.027945
0.26166,0.028898
0.31657,0.051965
0.3086,0.028753
0.19197,0.0159
0.27443,0.051357
0.23627,0.083331
0.25369,0.019068
0.2431,0.010618
0.31453,0.051064
0.3024,0.0021844
0.28072,-0.028675
0.2854,0.014857
0.27765,0.02598
0.28479,0.022835
0.2711,-0.017133
0.25751,-0.00065271
0.27921,-0.0032631
0.25336,0.048426
0.25069,0.014088
0.25463,0.03876
0.26037,0.037151
0.26341,0.012137
0.34322,-0.044414
0.22448,0.029701
0.22927,0.040485
0.27094,-0.005575
0.26156,0.017689
0.24007,0.0042576
0.2735,0.072025
0.28697,0.017258
0.22667,0.024673
0.25026,-0.01491
0.22243,-0.0050302
0.2658,-0.024674
0.26834,0.041264
0.28474,0.037425
0.2288,-0.0079685
0.27257,0.10954
0.25863,0.04729
0.30718,0.031056
0.27286,0.078819
0.24617,-0.059431
0.25592,0.015345
0.2462,0.017444
0.30866,0.024547
0.247,-0.01461
0.21235,0.034964
0.25679,-0.051887
0.29932,0.021621
0.28413,0.032104
0.26835,0.016928
0.31962,0.029745
0.29164,0.0075856
0.33317,0.035324
0.30394,-0.015811
0.26332,-0.020565
0.30598,0.037591
0.29619,-0.0092946
0.28339,0.018847
0.33176,0.056012
0.31707,0.060652
0.30773,0.080334
0.29847,-0.00043369
0.36881,0.058583
0.35288,0.041778
0.30981,0.071097
0.31853,0.038453
0.36362,0.05727
0.3725,0.067523
0.35066,0.018472
0.30549,0.016911
0.29736,-0.010537
0.33956,0.028724
0.28848,0.042732
0.28193,0.0079914
0.30456,0.033769
0.34602,0.020221
0.32083,0.01784
0.32354,0.056136
0.35136,0.057306
0.32321,0.067804
0.27978,-0.002818
0.34242,0.027187
0.33085,0.052207
0.31299,-0.0094114
0.30273,0.09242
0.29857,0.038868
0.31503,0.014256
0.29048,0.064152
0.29959,0.043418
0.26878,0.034946
0.29939,0.009982
0.29387,-0.024335
0.33406,0.0010208
0.3618,0.011075
0.34853,0.045802
0.34889,0.050924
0.33717,0.0066581
0.33307,0.057681
0.33951,0.052597
0.29271,0.027523
0.34214,0.001411
0.27789,0.0597
0.33536,0.027389
0.28947,-0.00055774
0.2851,0.039469
0.30145,0.048049
0.27459,-0.014729
0.31629,0.090512
0.35091,-0.036468
0.3079,-0.020219
0.33146,0.070198
0.32091,0.041774
0.35411,0.017928
0.31078,0.031858
0.32505,0.054618
0.39383,0.0040422
0.35204,0.060842
0.28626,0.053543
0.3512,0.030064
0.28656,0.037538
0.3161,0.011608
0.32494,0.004403
0.3433,0.019199
0.30323,0.064016
0.3328,0.023911
0.37175,0.01721
0.25553,0.00052432
0.28174,-0.0043513
0.35358,0.032191
0.30649,0.064387
0.31458,0.070434
0.34501,0.049206
0.38609,0.021719
0.27462,0.019867
0.28704,0.043054
0.31334,0.061136
0.31581,0.0623
0.31917,-0.035515
0.30591,0.030022
0.35436,0.00091917
0.28703,0.016589
0.32224,0.086364
0.34709,0.0069038
0.32765,-0.021755
0.29612,0.03709
0.3196,0.027555
0.30575,0.01835
0.29683,0.059302
0.35858,0.049394
0.30954,0.043379
0.29751,0.022733
0.37949,-0.00293
0.35921,0.028263
0.37431,0.017525
0.38665,0.034431
0.37916,0.060974
0.34714,0.076234
0.35144,0.054929
0.33553,0.052655
0.39996,0.061854
0.3676,0.13391
0.34764,0.060529
0.38985,0.054459
0.35227,0.099903
0.38252,0.052839
0.41638,0.028726
0.39808,0.079476
0.36336,0.03869
0.36482,0.056398
0.42968,0.077717
0.36302,0.075557
0.37794,-0.00069458
0.37873,-0.024687
0.39767,0.027818
0.37523,0.10225
0.38,0.057441
0.37861,0.045208
0.45345,0.045078
0.39612,0.082837
0.3407,0.060458
0.32992,0.065054
0.31736,-0.0161
0.42661,0.044504
0.34252,0.050614
0.3998,0.022811
0.3853,0.049282
0.32014,0.03096
0.43239,0.077516
0.38589,0.031957
0.42598,0.091265
0.37926,0.048659
0.3741,0.078326
0.33619,0.12226
0.36961,0.052121
0.37276,0.09727
0.32032,0.016093
0.36782,0.10767
0.37358,0.011793
0.34562,0.047939
0.38141,0.039672
0.33007,0.013668
0.35028,0.0086434
0.37175,0.070448
0.34929,0.0060768
0.38176,0.0076112
0.35695,0.085705
0.34078,0.050061
0.39788,0.062014
0.3874,0.021505
0.38649,0.043784
0.39009,0.059714
0.40034,0.055303
0.39976,0.10655
0.36949,0.030272
0.35418,0.045265
0.36492,0.076324
0.40757,0.079989
0.33054,-0.012408
0.35057,0.037615
0.40141,0.028608
0.39517,0.049501
0.35275,0.066299
0.36188,0.064074
0.36349,0.086086
0.35971,0.064164
0.29116,0.059982
0.35491,0.07991
0.37819,0.063563
0.44595,0.0081195
0.32217,0.05348
0.34832,-0.0023196
0.35623,0.08513
0.33862,-0.016649
0.34711,0.03262
0.30757,0.052988
0.36487,0.048799
0.35202,0.10955
0.38534,0.051761
0.37024,0.030594
0.40213,0.06857
0.41967,0.011848
0.37227,0.067252
0.32927,0.057942
0.37614,0.037588
0.41264,0.030337
0.3654,0.012361
0.38068,-0.009395
0.33786,0.036599
0.41615,0.074586
0.38119,0.027431
0.35507,0.10012
0.39296,0.05807
0.48875,0.13509
0.39916,0.072398
0.42419,0.092413
0.46643,0.0928
0.46006,0.086402
0.39709,0.080708
0.44441,0.11399
0.38581,0.037832
0.36711,0.12636
0.44196,0.09635
0.36636,0.038296
0.35344,0.10975
0.41915,0.11204
0.46487,0.12864
0.45956,0.061355
0.37377,0.12649
0.42223,0.082978
0.44644,0.028367
0.45185,0.050102
0.47041,0.10404
0.47121,0.13134
0.44813,0.037232
0.37601,0.071131
0.42231,0.053878
0.37742,0.13409
0.46005,0.04631
0.47614,0.11675
0.35776,0.054896
0.44747,0.099207
0.41021,0.03277
0.40594,0.12209
0.39294,0.0049845
0.46101,0.084845
0.43317,0.08796
0.41729,0.048694
0.43425,0.044084
0.45309,0.093916
0.39356,0.041879
0.39592,0.073754
0.44282,-0.014522
0.4712,0.0088379
0.46059,0.073231
0.4174,0.11
0.37894,0.022485
0.34697,0.096108
0.39175,0.090278
0.45677,0.056037
0.40369,0.07389
0.43003,0.14394
0.42778,0.030356
0.3514,0.089829
0.46062,0.08121
0.48508,0.084832
0.41982,0.07446
0.45263,0.083545
0.3971,0.066698
0.4399,0.021095
0.48819,0.056178
0.46253,0.08206
0.39892,0.08283
0.38881,0.093736
0.42273,0.14488
0.41356,0.022338
0.41907,0.096163
0.46125,0.078942
0.42805,0.073445
0.47367,0.052728
0.41969,0.070614
0.41684,0.096161
0.44614,0.088125
0.43453,0.023871
0.41441,0.1033
0.37083,0.082537
0.38575,0.13455
0.44056,0.03947
0.43824,0.051813
0.37463,0.019237
0.42484,0.074761
0.43779,0.10612
0.38389,0.0595
0.38949,0.058231
0.45881,0.065328
0.3656,0.069569
0.43517,0.10701
0.45198,0.075149
0.36441,0.059383
0.41694,0.094717
0.38389,0.031499
0.4239,0.093577
0.4077,0.068116
0.36885,0.1423
0.44059,0.054129
0.4399,0.088042
0.4015,0.078374
0.43775,0.040469
0.37854,0.10233
0.38201,0.0042452
0.38458,0.013105
0.4176,0.033233
0.51497,0.057148
0.5048,0.09508
0.43411,0.12002
0.468,0.10307
0.45018,0.17044
0.48106,0.094671
0.54013,0.031535
0.44596,0.12936
0.53531,0.062043
0.45897,0.14786
0.45307,0.11905
0.49296,0.0954
0.49611,0.075291
0.48253,0.16502
0.42728,0.11607
0.45182,0.090817
0.44624,0.08431
0.45748,0.10058
0.44895,0.14601
0.48715,0.16671
0.50567,0.10714
0.46576,0.11979
0.49121,0.11651
0.49768,0.054139
0.47792,0.11072
0.46507,0.090534
0.45652,0.092756
0.4369,0.10151
0.46503,0.014868
0.47873,0.083055
0.46778,0.1302
0.48057,0.1101
0.47515,0.089969
0.49488,0.095505
0.45375,0.072131
0.46994,0.08423
0.48134,0.087848
0.46179,0.1004
0.48255,0.12488
0.41757,0.10562
0.48819,0.10376
0.48829,0.079862
0.47365,0.13723
0.46252,0.11373
0.45999,0.12418
0.41977,0.11322
0.50833,0.13183
0.49379,0.15411
0.4393,0.092634
0.42697,0.12344
0.4615,0.12777
0.49521,0.10601
0.50001,0.16674
0.49059,0.075337
0.49797,0.090911
0.52918,0.10875
0.41979,0.10711
0.48853,0.099239
0.47197,0.091114
0.45,0.13236
0.49635,0.10437
0.47351,0.080772
0.51164,0.16045
0.44099,0.13513
0.44688,0.15337
0.48739,0.10544
0.44562,0.16687
0.47752,0.13537
0.46097,0.049107
0.50836,0.066271
0.48749,0.12474
0.46081,0.10261
0.45349,0.10174
0.46088,0.14027
0.54938,0.16011
0.47211,0.11866
0.46728,0.11031
0.46744,0.17746
0.52163,0.10595
0.41891,0.092036
0.50886,0.087467
0.45094,0.08302
0.46504,0.10887
0.49511,0.079061
0.44407,0.047516
0.48715,0.065652
0.47133,0.12008
0.42945,0.14079
0.47977,0.14431
0.49204,0.17942
0.49386,0.072005
0.45579,0.14943
0.47317,0.10887
0.49336,0.091491
0.49055,0.0928
0.46137,0.13442
0.43347,0.12683
0.4823,0.049167
0.48372,0.13869
0.52107,0.13238
0.51884,0.15373
0.49529,0.13743
0.50198,0.12008
0.48723,0.14997
0.52473,0.10833
0.51403,0.15656
0.51645,0.095447
0.53332,0.068199
0.51691,0.13921
0.47265,0.11474
0.50738,0.19421
0.50977,0.1892
0.47206,0.12644
0.55432,0.11522
0.4578,0.13895
0.53966,0.1358
0.51699,0.1896
0.5148,0.13478
0.5468,0.18392
0.51672,0.18492
0.51914,0.22547
0.49875,0.13379
0.56192,0.13076
0.55767,0.19878
0.54802,0.12244
0.54312,0.088383
0.54929,0.14854
0.54827,0.16161
0.53878,0.13432
0.54629,0.1347
0.50389,0.10269
0.52724,0.20027
0.54372,0.15216
0.50337,0.12847
0.52634,0.1585
0.52039,0.17218
0.56557,0.11264
0.54126,0.15292
0.56093,0.13054
0.54601,0.19799
0.55823,0.15082
0.52333,0.11023
0.52996,0.14228
0.50645,0.15999
0.53857,0.21222
0.62353,0.14705
0.5294,0.16387
0.52487,0.18376
0.55346,0.16188
0.47687,0.11829
0.56199,0.1407
0.49951,0.12499
0.54426,0.16814
0.53506,0.1945
0.5242,0.1451
0.50363,0.17915
0.53951,0.12376
0.56188,0.15083
0.5479,0.14021
0.57046,0.19735
0.4824,0.15509
0.52692,0.17007
0.48361,0.135
0.52994,0.12576
0.54344,0.15828
0.50204,0.11991
0.56688,0.10273
0.5113,0.13624
0.54603,0.19636
0.51532,0.13339
0.50234,0.15278
0.503,0.12702
0.48043,0.080955
0.57441,0.14581
0.44893,0.19935
0.48552,0.13531
0.46356,0.10942
0.48385,0.11447
0.43803,0.15731
0.54536,0.1325
0.52759,0.1769
0.49372,0.13707
0.48518,0.079844
0.48464,0.1319
0.51751,0.16831
0.46237,0.17825
0.53918,0.18643
0.52348,0.17744
0.51549,0.17974
0.54694,0.20569
0.53725,0.19432
0.51542,0.15135
0.52729,0.13074
0.5221,0.13695
0.50652,0.16801
0.56146,0.184
0.56433,0.13797
0.5286,0.19363
0.49385,0.12287
0.48922,0.13108
0.56671,0.20203
0.55801,0.13363
0.60646,0.16511
0.57303,0.22378
0.6375,0.13892
0.57875,0.23879
0.63796,0.17874
0.50211,0.21074
0.59039,0.15685
0.58791,0.21792
0.64014,0.19401
0.58722,0.23371
0.63521,0.17676
0.6388,0.1708
0.55933,0.17014
0.5413,0.2565
0.60609,0.18363
0.55317,0.14317
0.57398,0.22405
0.56088,0.19484
0.58214,0.1828
0.59781,0.21039
0.60147,0.22212
0.58324,0.1739
0.549,0.19756
0.55217,0.18423
0.58819,0.17577
0.50987,0.20909
0.54181,0.21686
0.52943,0.15072
0.56858,0.22916
0.59429,0.19876
0.65373,0.18659
0.57882,0.14382
0.54519,0.18592
0.5646,0.19185
0.59344,0.19733
0.61126,0.18025
0.56443,0.22334
0.5788,0.24364
0.61645,0.23338
0.58602,0.18676
0.58149,0.20466
0.56848,0.20691
0.56678,0.17439
0.6124,0.19369
0.56213,0.1754
0.57745,0.19623
0.54626,0.24497
0.59804,0.18814
0.58683,0.17094
0.59291,0.23761
0.5781,0.22166
0.55548,0.17744
0.57625,0.17075
0.53834,0.23867
0.56824,0.19504
0.65191,0.19991
0.63183,0.2051
0.60639,0.17416
0.5928,0.22849
0.60509,0.26846
0.59126,0.11538
0.60841,0.20031
0.61708,0.22395
0.54665,0.16889
0.57291,0.19689
0.57809,0.19945
0.56139,0.17509
0.54751,0.2164
0.61918,0.23247
0.60007,0.20111
0.55015,0.20574
0.54566,0.17677
0.59246,0.22942
0.55716,0.1912
0.54105,0.20799
0.57112,0.2312
0.55223,0.18465
0.60581,0.18791
0.65189,0.19692
0.52516,0.18699
0.60543,0.15392
0.59231,0.20931
0.5523,0.14847
0.60936,0.18442
0.55085,0.14951
0.51943,0.23521
0.54343,0.19675
0.59723,0.2092
0.59192,0.18574
0.61065,0.24423
0.59447,0.18128
0.6188,0.23047
0.51555,0.23052
0.56932,0.17743
0.56746,0.20763
0.57712,0.19806
0.61269,0.26093
0.55756,0.16261
0.58147,0.28763
0.64141,0.25978
0.60092,0.26954
0.61295,0.27227
0.64206,0.27531
0.59053,0.2101
0.66547,0.23053
0.6449,0.24077
0.67656,0.20142
0.62172,0.2076
0.66045,0.26324
0.5962,0.26328
0.63919,0.28117
0.6671,0.26349
0.61108,0.22768
0.63434,0.25143
0.68327,0.22927
0.60677,0.27935
0.59647,0.20415
0.6611,0.27911
0.63084,0.26768
0.59677,0.27638
0.60332,0.23363
0.64253,0.25817
0.63932,0.25063
0.62046,0.20415
0.63882,0.26726
0.64943,0.26593
0.60846,0.22843
0.62147,0.29114
0.60863,0.19611
0.67395,0.23893
0.59114,0.23957
0.68262,0.22936
0.61356,0.23094
0.63151,0.26721
0.66186,0.2243
0.65491,0.25411
0.62078,0.23849
0.65968,0.24787
0.59427,0.31304
0.67527,0.2348
0.66828,0.27993
0.63216,0.25313
0.64435,0.25293
0.66255,0.19177
0.62122,0.28421
0.64883,0.25682
0.65331,0.23821
0.64334,0.25312
0.58666,0.24848
0.62096,0.30987
0.56908,0.21693
0.61947,0.23417
0.6066,0.26024
0.62854,0.31057
0.64351,0.26007
0.65783,0.28707
0.62705,0.27573
0.63285,0.27467
0.66362,0.29265
0.67258,0.32439
0.63846,0.2566
0.65881,0.24276
0.6085,0.25785
0.68172,0.24234
0.61062,0.17884
0.60731,0.24827
0.6486,0.25724
0.62951,0.24035
0.58141,0.24507
0.66565,0.29103
0.65356,0.25454
0.68368,0.25099
0.6409,0.23102
0.65387,0.23431
0.59517,0.24874
0.69038,0.25598
0.70657,0.26422
0.61952,0.30364
0.60961,0.29483
0.66321,0.21407
0.59568,0.30748
0.63644,0.22077
0.62732,0.33324
0.65772,0.25823
0.56932,0.23806
0.63548,0.18801
0.63986,0.23935
0.57557,0.3007
0.62656,0.23888
0.65148,0.23768
0.59124,0.21041
0.62209,0.21481
0.6378,0.23363
0.61505,0.26332
0.68133,0.18672
0.65591,0.27304
0.61328,0.23672
0.64207,0.27737
0.68407,0.34359
0.67021,0.33444
0.70011,0.27993
0.70018,0.33729
0.74825,0.33516
0.64306,0.28286
0.66201,0.31804
0.64552,0.37097
0.66618,0.3047
0.66823,0.2777
0.67025,0.32533
0.66938,0.3026
0.66807,0.30897
0.67671,0.33328
0.69775,0.31858
0.71943,0.30825
0.67267,0.28768
0.742,0.29437
0.71181,0.28794
0.72278,0.30117
0.65321,0.37598
0.6264,0.32498
0.69455,0.30294
0.6951,0.31627
0.63044,0.32807
0.63722,0.32904
0.69534,0.33039
0.71699,0.35479
0.7271,0.30943
0.65517,0.33154
0.70333,0.30075
0.70363,0.26152
0.6832,0.30222
0.65095,0.36515
0.64928,0.3091
0.70763,0.35262
0.63102,0.33934
0.67488,0.30142
0.68865,0.38081
0.71877,0.34793
0.67285,0.34885
0.64018,0.29154
0.69522,0.29985
0.66145,0.34075
0.74042,0.35825
0.65676,0.31947
0.68962,0.37445
0.7488,0.31627
0.71754,0.34302
0.68368,0.32042
0.69936,0.3549
0.76019,0.30997
0.7285,0.31932
0.6422,0.27261
0.69005,0.32987
0.71788,0.32315
0.63567,0.33701
0.69334,0.331
0.68206,0.29914
0.69333,0.34131
0.65875,0.40285
0.62644,0.30002
0.6503,0.34979
0.7435,0.30204
0.68011,0.29158
0.65412,0.2848
0.73063,0.3385
0.71327,0.32136
0.65693,0.34794
0.7182,0.3143
0.71932,0.28314
0.65974,0.31404
0.70128,0.31798
0.67249,0.33967
0.72376,0.28203
0.6443,0.26202
0.67129,0.33482
0.71017,0.29575
0.6817,0.30479
0.70244,0.33771
0.73916,0.32089
0.67073,0.32552
0.64956,0.35776
0.73361,0.35402
0.67038,0.32042
0.69428,0.3035
0.66581,0.28256
0.6346,0.33029
0.65425,0.39346
0.72571,0.35342
0.67108,0.32742
0.67946,0.28559
0.6937,0.28154
0.72142,0.30355
0.68903,0.20197
0.67604,0.33351
0.65725,0.35963
0.70264,0.32381
0.61817,0.30997
0.64705,0.36309
0.72332,0.38257
0.71852,0.35286
0.76612,0.41363
0.73702,0.37786
0.71678,0.41251
0.76398,0.37379
0.72164,0.36042
0.78395,0.35568
0.71694,0.40895
0.71806,0.46187
0.71696,0.4064
0.74811,0.41557
0.77811,0.40461
0.74841,0.40733
0.76126,0.47486
0.77654,0.37535
0.73278,0.39503
0.76684,0.37875
0.73291,0.42264
0.80325,0.40813
0.74507,0.38971
0.71959,0.42353
0.74002,0.36826
0.71367,0.40383
0.68864,0.4064
0.7479,0.44983
0.74421,0.41709
0.75752,0.4011
0.71012,0.35763
0.71138,0.35354
0.72132,0.41874
0.70504,0.37792
0.82195,0.39243
0.74859,0.37256
0.71619,0.4058
0.75026,0.40726
0.77572,0.45523
0.75827,0.45754
0.76583,0.43363
0.75204,0.43434
0.68918,0.36307
0.71281,0.4404
0.77036,0.37028
0.73058,0.34948
0.74504,0.50018
0.75439,0.41014
0.70454,0.37909
0.74285,0.40031
0.72309,0.40224
0.69022,0.3346
0.74928,0.37743
0.71015,0.4168
0.72094,0.40118
0.69449,0.34747
0.71777,0.38452
0.75074,0.39531
0.78654,0.40263
0.70106,0.34697
0.74776,0.40813
0.75339,0.44841
0.76986,0.34969
0.77668,0.41393
0.70187,0.44255
0.73878,0.41209
0.77576,0.41869
0.75408,0.38504
0.78111,0.3942
0.77531,0.36386
0.81096,0.39622
0.65399,0.38258
0.72635,0.37925
0.72613,0.44582
0.69182,0.39636
0.72036,0.41998
0.78182,0.41193
0.73872,0.36796
0.76722,0.3403
0.78854,0.35472
0.72766,0.40878
0.72389,0.39053
0.69519,0.42408
0.72807,0.38804
0.71424,0.35824
0.72991,0.4031
0.72971,0.43488
0.71381,0.40845
0.70064,0.39418
0.7249,0.38675
0.7373,0.44016
0.70852,0.42897
0.74798,0.38647
0.73228,0.35748
0.7286,0.37117
0.76567,0.4106
0.80977,0.36551
0.76365,0.38782
0.75717,0.39619
0.73699,0.37919
0.74095,0.38031
0.75523,0.3929
0.77205,0.52936
0.74703,0.51587
0.81277,0.50736
0.76039,0.51658
0.8222,0.49026
0.77861,0.49084
0.77974,0.52432
0.83044,0.52644
0.79773,0.47717
0.77675,0.43522
0.76332,0.41947
0.77312,0.44074
0.80212,0.46043
0.81626,0.50619
0.79099,0.46752
0.77389,0.48936
0.80008,0.50374
0.8107,0.44822
0.77614,0.46517
0.83511,0.46836
0.77795,0.4667
0.81788,0.47816
0.8201,0.51695
0.79126,0.47601
0.7868,0.51401
0.81705,0.50282
0.73244,0.49812
0.79054,0.52289
0.79166,0.55973
0.80103,0.53846
0.76149,0.44196
0.74488,0.50881
0.70604,0.45263
0.80671,0.42847
0.82356,0.45377
0.77542,0.42306
0.86471,0.45628
0.7692,0.53488
0.74801,0.47699
0.78487,0.57683
0.79282,0.50441
0.81105,0.5238
0.7933,0.48744
0.76533,0.48321
0.74131,0.46728
0.77092,0.49714
0.74635,0.44516
0.81236,0.46517
0.7862,0.45824
0.73088,0.49738
0.80103,0.53999
0.7603,0.56028
0.83218,0.43653
0.79112,0.50302
0.79672,0.47137
0.76457,0.45785
0.80601,0.49532
0.79153,0.47713
0.79631,0.49367
0.77935,0.51636
0.80982,0.46247
0.71234,0.48723
0.79471,0.43828
0.82262,0.47993
0.78344,0.52332
0.80776,0.43685
0.77064,0.50441
0.79494,0.4493
0.77101,0.49898
0.82568,0.47781
0.80433,0.48325
0.83298,0.44133
0.78815,0.46324
0.7876,0.48595
0.79938,0.49432
0.83528,0.486
0.71389,0.47178
0.73646,0.53407
0.82953,0.4859
0.84935,0.46752
0.783,0.46806
0.83229,0.48966
0.8581,0.52143
0.79547,0.47863
0.77507,0.51962
0.77438,0.49922
0.78137,0.47424
0.81473,0.46621
0.78408,0.49766
0.8539,0.48879
0.77873,0.46344
0.76684,0.46693
0.80669,0.5091
0.79691,0.50855
0.8041,0.48221
0.72326,0.51818
0.78473,0.48099
0.73149,0.4884
0.79533,0.5311
0.81366,0.47498
0.7775,0.52533
0.80135,0.59222
0.8513,0.55929
0.83528,0.58996
0.92911,0.67523
0.79736,0.59824
0.83439,0.64491
0.84338,0.56205
0.79866,0.63751
0.87623,0.54425
0.86563,0.58832
0.89089,0.60637
0.86385,0.61678
0.72984,0.59324
0.81152,0.56295
0.85196,0.55867
0.81633,0.57433
0.85107,0.56494
0.84001,0.57886
0.82479,0.56711
0.84426,0.63645
0.85833,0.60571
0.87825,0.60614
0.81384,0.57064
0.82402,0.60593
0.81932,0.60739
0.86892,0.56757
0.89184,0.55957
0.87549,0.53598
0.88451,0.62477
0.84999,0.56516
0.81675,0.59865
0.8636,0.5998
0.8967,0.60006
0.85811,0.57699
0.87149,0.59001
0.7933,0.58747
0.86016,0.63985
0.83724,0.56061
0.8596,0.59066
0.88248,0.63089
0.82189,0.61049
0.88973,0.56276
0.81227,0.62225
0.8434,0.51173
0.85181,0.58159
0.87584,0.64675
0.83189,0.61293
0.81251,0.6222
0.8869,0.59423
0.85357,0.58515
0.78159,0.61918
0.85222,0.67044
0.78833,0.58868
0.86712,0.64261
0.88597,0.58012
0.83633,0.58357
0.81338,0.61775
0.8809,0.56865
0.82596,0.62697
0.81622,0.54394
0.8022,0.52062
0.79569,0.59215
0.85083,0.60757
0.83161,0.6375
0.86704,0.60096
0.84031,0.62735
0.83547,0.60478
0.78767,0.61866
0.81758,0.56654
0.84541,0.59476
0.82857,0.57827
0.88243,0.58968
0.78419,0.6698
0.83638,0.55277
0.84573,0.59825
0.81926,0.58702
0.84565,0.60917
0.89464,0.65386
0.80889,0.62602
0.83101,0.5764
0.79723,0.55183
0.86512,0.62399
0.80397,0.5658
0.81497,0.57455
0.8871,0.61189
0.86814,0.54903
0.8182,0.64638
0.87425,0.60042
0.82126,0.58977
0.84546,0.62272
0.90011,0.62267
0.91348,0.58929
0.82809,0.63203
0.84116,0.60879
0.87496,0.63196
0.86132,0.6055
0.83474,0.59113
0.83548,0.65247
0.81731,0.5724
0.91476,0.72896
0.95869,0.73298
0.88167,0.63683
0.91481,0.71705
0.90484,0.78255
0.88372,0.71033
0.89462,0.69591
0.91427,0.68442
0.96837,0.65902
0.92277,0.70081
0.88702,0.72582
0.83234,0.68517
0.90261,0.7243
0.90299,0.7412
0.86971,0.69752
0.92665,0.73185
0.9071,0.73417
0.9133,0.71493
0.87936,0.77815
0.87311,0.67605
0.87996,0.72498
0.85962,0.68698
0.87821,0.69346
0.91772,0.73023
0.82342,0.75085
0.8387,0.72166
0.89558,0.75755
0.90512,0.68687
0.86473,0.72698
0.9117,0.6995
0.93455,0.69234
0.91636,0.63307
0.8453,0.74032
0.87163,0.77557
0.86774,0.73209
0.88402,0.75981
0.87351,0.71815
0.86812,0.67738
0.95513,0.6887
0.88421,0.6909
0.88992,0.75115
0.90379,0.70109
0.83996,0.71918
0.85864,0.67413
0.9096,0.7105
0.90585,0.66487
0.85802,0.69407
0.93033,0.7403
0.89263,0.77035
0.89922,0.73164
0.89819,0.71936
0.87735,0.75022
0.83683,0.73931
0.8906,0.63885
0.84525,0.65963
0.88953,0.68993
0.90129,0.68866
0.901,0.66568
0.8509,0.69484
0.90633,0.68684
0.85646,0.75108
0.9027,0.697
0.91381,0.67593
0.94528,0.70312
0.82988,0.69462
0.92096,0.72458
0.88961,0.70897
0.89236,0.66931
0.87695,0.73464
0.90214,0.70478
0.88656,0.69731
0.87517,0.68935
0.8777,0.74139
0.91423,0.71284
0.91028,0.66718
0.92954,0.78493
0.90621,0.70548
0.89012,0.72486
0.85874,0.72751
0.90469,0.67497
0.88504,0.7549
0.90174,0.72423
0.92239,0.72083
0.87915,0.759
0.87949,0.72132
0.88654,0.66182
0.90146,0.71578
0.95915,0.75319
0.86713,0.75463
0.93711,0.72465
0.88792,0.66273
0.92313,0.75096
0.89662,0.71447
0.87784,0.72235
0.88654,0.7568
0.92506,0.72902
0.9348,0.59858
0.92513,0.66367
0.87691,0.6901
0.85398,0.67545
0.95222,0.8681
0.95217,0.85993
0.92545,0.83044
0.98435,0.80624
0.92245,0.84156
0.93644,0.84496
0.92626,0.78156
0.91902,0.89161
0.9491,0.86404
0.90328,0.79482
0.9375,0.91282
0.97363,0.84541
0.9731,0.80368
0.88583,0.82099
0.96023,0.85858
0.93289,0.80474
0.96162,0.83529
0.95281,0.84706
0.93737,0.83683
0.94695,0.85671
0.96659,0.82775
0.97033,0.84235
0.92366,0.8563
0.90539,0.78006
0.93412,0.78961
0.97962,0.81653
0.95821,0.85279
0.95983,0.85668
0.93337,0.82715
0.92316,0.89177
1.013,0.8861
0.94404,0.84467
0.94632,0.95543
0.93871,0.83872
0.94957,0.88137
0.93726,0.84828
0.91435,0.79573
0.96296,0.90972
0.9929,0.81664
0.95321,0.8526
0.92384,0.91101
0.94915,0.87059
0.97963,0.862
1.0038,0.84567
0.90293,0.85802
0.95097,0.91004
0.93367,0.83569
0.96459,0.84326
0.95271,0.83586
0.92875,0.83724
0.89022,0.84482
0.90897,0.86984
0.92819,0.85306
0.93871,0.82621
0.98455,0.90251
0.92857,0.82277
0.95913,0.83982
0.97601,0.8528
0.95469,0.79707
0.95005,0.81836
0.92806,0.80936
0.97397,0.76602
0.99887,0.91772
0.96241,0.82717
0.95709,0.87683
0.95481,0.85081
0.98007,0.81883
0.9369,0.84899
0.93117,0.86307
0.96419,0.81413
0.93768,0.88816
0.97557,0.88812
0.90108,0.84719
0.98931,0.8697
0.92426,0.81173
0.95491,0.86835
0.93257,0.84621
0.96993,0.90114
0.90254,0.82
0.91362,0.91388
0.99899,0.8509
0.91652,0.86436
0.92528,0.89611
0.94934,0.88515
0.92211,0.82257
0.95201,0.82133
0.98455,0.82134
0.94954,0.88426
1.002,0.84598
0.90152,0.83621
0.93837,0.85288
0.91973,0.88302
0.95902,0.84525
0.90747,0.86005
0.89173,0.77705
0.93492,0.82916
0.88997,0.81654
0.91897,0.83006
0.93006,0.82617
0.89455,0.83692
0.98446,0.94799
1.0208,0.94237
1.0454,1.0315
0.95146,1.0188
1.0554,1.0089
1.0406,1.0306
1.003,1.0021
1.05,1.0044
1.0077,0.97233
0.96774,1.0003
1.0357,0.9652
1.0706,0.97183
0.97552,0.98491
0.96833,1.0044
1.036,1.0507
0.99924,1.0119
0.95687,1.0128
1.0391,1.0172
0.99513,1.0381
0.97485,1.0184
0.98161,1.002
0.98426,0.98631
1.0296,1.0189
0.96345,0.94676
1.0148,1.0013
1.0318,1.0298
0.97281,0.99279
1.0106,1.0182
0.94771,1.0055
1.022,1.0185
0.96451,0.9844
1.0255,1.0528
1.0137,1.0125
0.98699,1.0045
0.9532,0.96235
1.0421,0.99389
1.0048,0.95429
1.053,0.99087
1.0003,0.96113
0.94376,0.99798
1.0534,1.0048
0.99079,0.98468
1.0292,1.0516
0.97716,1.0433
1.0193,1.0447
1.0264,1.0187
1.032,1.0247
1.0158,0.97922
0.99871,1.0042
1.0046,0.96451
1.0096,1.0076
0.97665,1.0361
1.0174,0.96519
0.96634,0.99339
0.93975,0.95364
1.0053,1.0192
1.0063,1.0389
1.007,1.0362
1.0561,0.96757
1.039,0.97758
1.0589,0.99677
1.007,0.98751
1.0287,0.98332
0.98131,0.92017
0.9927,1.0201
0.94473,0.99259
1.0022,1.0219
1.0293,1.0084
0.96654,0.90581
0.99296,0.99047
0.9771,1.0249
0.97444,1.0331
1.0285,0.98997
1.0021,1.0165
1.0234,1.0075
1.0125,1.0292
1.0296,1.0621
0.92862,0.97118
0.96768,1.0664
0.99456,1.0068
1.011,0.97473
1.0363,0.97437
0.97977,1.0037
0.98087,1.0044
0.99098,1.013
1.022,1.0262
1.0034,1.0114
1.0356,0.9676
0.97559,0.97818
1.013,0.976
1.0122,0.98133
0.94801,1.0112
1.0094,1.0108
1.055,0.9928
0.96212,0.96841
0.97985,0.9897
0.96785,1.0189
1.0357,0.9959
0.9824,1.0455
1.0238,0.97412
